...ために つかいます	one uses ________ in order to
。。。が ほしいです。	I want a/an...
。。。が ほしいです。	I want a/an...
。。。を どうしますか	What do you do with ....
。。。を ほしがっています。	You want a/an...
。。。を ほしがっています。	You want a/an...
(A duck foot) Fu	フ
(A hippo opening its mouth) Hi	ヒ
(A KEY. It is very similar to its Hiragana counterpart き) Ki	キ
(A man lets the fish go. This Katakana is similar to the right part of its Hiragana counterpart れ) Re	レ
(A samurai sword) Sa	サ
(A shopping cart. It is very similar to its Hiragana counterpart か) Ka	カ
(An On/Off switch) O	オ
(Cut a sausage in halves) Ha	ハ
(do re mi) Mi	ミ
(E backwards) Yo	ヨ
(Eat sasuage with a fork) I	イ
(going north) N	ン
(he Holy Cross) Ho	ホ
(It is a 'broken' form of its Hiragana counterpart つ, which looks like a big wave of tsunami) Tsu	ツ
(It is similar to its Hiragana counterpart も, slarvigt E) Mo	モ
(It looks like LI. This Katakana is almost the same as its Hiragana counter part り) Ri	リ
(Letter F backwards) Wo	ヲ
(Letter U is hidden inside, you are number one) Yu	ユ
(looks like a lighter)Ra	ラ
(Looks like training arm MUscles, A tricycle that moves around) Mu	ム
(Necktie) Ne	ネ
(No entry sign) No	ノ
(Rolling stone) Ro	ロ
(Sideways Capital letter T) To	ト
(Tarzan) Ta	タ
(Television antenna) Te	テ
(The bottom of a suit jacket, SU is a seven with a SUpport beam.) Su	ス
(The holes of a socket, South) So	ソ
(The NUmber seven) Nu	ヌ
(The sail of a yacht.) Ya	ヤ
(Think about an arrow pointing down or a digger) U	ウ
(Think about an Elevator) E	エ
(Think about this characters COrnerns, Street corners) Ko	コ
(Think of a CUP handle) Ku	ク
(Think of capital letter A) A	ア
(think of Seeds) Shi	シ
(This Katakana is exactly the same as its Hiragana counterpart へ) He	ヘ
(Tree roots, kangaroo) Ru	ル
(Turn it slightly, it'll become CAPITAL LETTER K) Ke	ケ
(Two knives) Na	ナ
(Two seven's are hidden in this character) Se	セ
(Using the chisel) Chi	チ
(What?) Wa	ワ
(X-man) Me	メ
(Your knee) Ni	ニ
ーさんは なんさいですか。	How old are you?
ーさんは なんさいですか。	How old are you?
ーに を いれます	to put...in; add...to
ーに を かけます	to put/ sprinkle...over
ーに を つけます	to put...on
ーのがすきです	Like to do--
ーをとってください	pass me-, please
ADP-ATP cycle	
Any time a cell changes shape, what is used?	energy
ATM	ATM
ATM	ATM
ATM	ATM
ATMは としょかんの ちかくに あります。	The ATM is near the library.
ATMは としょかんの ちかくに あります。	The ATM is near the library.
ATMは としょかんの ちかくに あります。	The ATM is near the library.
ATMは としょかんの となりに あります。	The ATM is far from the library.
ATMは としょかんの となりに あります。	The ATM is far from the library.
ATMは としょかんの となりに あります。	The ATM is far from the library.
ATP	
ATP is an ____a______ molecule containing high-energy ______b_____ bonds.	a. organic
b.phosphate
bai bai	bye, bye
Can ATP be remade?	yes
cell membrane	protection, boundary and keep organelles in (Found in Animal, Plant, and Bacteria)
Cell Theory	-all organisms are made of living things
-cells are the basic unit of structure and function
-cells come from other cells
cell wall	protects the cell and gives structure(Animal *no*, Plant *yes*, Bacteria *yes*)
centriole	gives structure and helps the cell divide(Animal *yes*, Plant *no*, Bacteria *no*)
chloroplast	gives the plant its green look plus produces food(sugar through photosynthesis)(Animal *no*, Plant *yes*, Bacteria *no*)
chromatin(DNA)	provides the cell with its unique characteristics (Found in Animal, Plant, and Bacteria)
cilia (different from pilia)	movement and sticking to things (Animal *yes*, Plant *no*, Bacteria *no*)
cytoplasm	holds the organelles (Animal *yes*, Plant *yes*, Bacteria *yes*)
cytoskeleton	a network of proteins that are constantly changing to meet the needs of a cell
eukaryotic cell	usually bigger *protists, plants, fungi, animals* have a true nucleus, contains both membrane and membranous organelles
flagella	locomotion and sensory (Animal *yes*, Plant *no*, Bacteria *yes*)
fluid mosaic model	describes the arrangement of the molecules that make up a cell membrane
gene	nothing more that a segment of DNA that stores genetic information
genomics	the study and comparison of genomes within and across species
golgi apparatus	sorts, sends, and packages macro molecules (Animal *yes*, Plant *yes*, Bacteria *no*)
Hokkaido	
Honshu	
How do you find total magnification?	Multiply the ocular by the objective lens.
How many high-energy bonds does ATP contain?	2
How many phosphate groups does ATP contain?	3
In the body, ATP is made during the process of_________ _______.	Cellular Respiration
Is ATP organic or inorganic?	Organic
Kyushu	
lysosomes	digest and recycle foreign materials or worn-out parts (Animal *yes*, Plant *yes*, Bacteria *no*)
Ma	マ
Magnification	increase of an object's apparent size (how big you can make an object)
microscope	provides an enlarged image of an object
mitochondria	makes energy *power house*(Animal *yes*, Plant *yes*, Bacteria *no*)
molecular genetics	the study and manipulation of DNA on a molecular level
Nagoya	
North Pacific Ocean	
nucleolus	produces ribosomes(Animal *yes*, Plant *yes*, Bacteria *no*)
nucleus	holds genetic info and gives directions (Animal *yes*, Plant *yes*, Bacteria *no*)
Once ATP is broken and the energy is released, what is it?	ADP, P+
organelles	structures specialized to perform distinct processes within a cell
Osaka	
phospholid	a molecule composed of 3 basic parts
photosynthesis	
prokaryotic cell	structurally simpler *bacteria and archaea*, usually relatively small and super simple, DOES NOT have a membrane-bound nucleus
receptor	a protein that detects a signal molecule and performs an action in repsonse
Resolution	power to show details clearly (how clear can I make an object)
ribosome	where protein synthesis occurs(Animal *yes*, Plant *yes*, Bacteria *yes*)
rough ER	transport proteins (Animal *yes*, Plant *yes*, Bacteria *no*)
Sapporo	
Sea of Japan (East Sea)	
selective permeability	the cell membrane allows some, but not all materials to cross
Shikoku	
smooth ER	control of calcium release, lipid and steroid synthesis, break down of lipids and soluble taxins (Animal *yes*, Plant *yes*, Bacteria *no*) (has no ribosomes)
The nitrogen base is ____________.	Adenine.
The process is called ________.	hydrolysis
The sugar in ATP is _________.	Ribose
To break the last phosphate bond in ATP, ______ must be added.	water
Tokyo	Capital of Japan
Tシャツ	
Tシャツ	shirt
Tシャツ	t-shirt
Tシャツ	T-shirt
Tシャツ	Tshirt
vacuole	intracellular digestion and storage of stuff(Animal *yes*, Plant *yes*, Bacteria *no*)
vesides	a general name for the small membrane-bound sacs that divide some materials from the rest of the cytoplasm and transport these materials from place to place within the cell
What are all the names for the cell membrane?	fluid mosaic model, cell membrane, plasma membrane
What are Autotrophs?	Organisms that make their own food (ie, plants, algae,etc.)
What are chloroplasts?	Green organelles that allow plants to carry out photosynthesis.
What are heterotrophs?	Organisms that need to feed to get energy.
What are the 2 types of microscopes?	1) Compound light microscope
2) Electron microscope
What are the 3 parts of a phospholid?	1) a charged phosphate group
2)glycerol
3)2 fatty acid chains
What are the 3 types of solution within osmosis?	1) hypotonic-inside has less water than outside=flow in which can lead to *cytosis-boom*
2)hypertonic-inside has more water than outside=flow out which can lead to *plasmolysis-cell that shrinks, bc there is less water*
3)isotonic-inside =outside which leads to *dynamic equilibrium-water moves equally in and out*
What are the 4 functions of the cell membrane?	1)controls what enters and exits
2)protection
3)allows cells to recognize stuff
4)provide anchoring points for the cytoskeleton
What are the inputs for photosynthesis?	Carbon Dioxide
Water
Light
What are the outputs for photosynthesis?	Glucose
Oxygen
What are the steps to using a microscope?	1) Always start with the scanning objective (coarse and fine knob)
2)switch to low power (coarse and fine knob)
3)switch to high power (ONLY FINE KNOB)
What are the three types of Active Transport?	1)Protein Pump-proteins that allow stuff in and out at the same time DOES NOT PUMP PROTEINS
2)Endocytosis-bringing bulky materials into the cell by having the cell membrane fold around the particle*this is how white blood cells eat bacteria*
3)Exocytosis-taking the waste out, pushed though the cell membrane
What are the two main stages of photosynthesis?	1) Light dependent reaction
2)Light independent or Calvin or Dark Reaction
What are the two types of Cellular Transport?	1) Passive
2)Active
What are the two types of Electron microscopes?	1) Transmission electron microscope(TEM)
2)Scanning Electron Microscope(SEM)
What are the types of passive transport?	1)Diffusion-molecules move randomly until both sides are equal
2)Facilitated Diffusion-diffusion, but instead of just going through the cell membrane it goes through that proteins
3)Osmosis-diffusion of water through a selectively permeable membrane
What do protists use to avoid blowing up do to too much water?	contractive vacuoles
What do the proteins attached to the cell membrane do?	bring molecules in and out
What does a compound light microscope do?	light passes through 2 lenses which it means that it can magnify up to 1000-2000x
What does a Scanning Electron Microscope(SEM) do?	(100,000x) scans the surface of the object and creates a 3D view (usually not living things)
What does a Transmission electron microscope(TEM) do?	(250,000x) look at what is inside an object by transmitting electrons through an object
What does an electron microscope do?	used to look at VERY small objects (viruses, DNA, parts of cells), the microscope uses beams of electrons rather than light
What does ATP stand for?	Adenosine Triphosphate
What does ATP supply the cell with?	Energy
What enzyme can be used to rejoin ADP and a free phosphate to make more ATP?	ATP synthetase
What enzyme is used to help weaken and break the last phosphate bond in ATP?	ATP-ase
What happened in 1655 relating to microscopes?	Robert Hooke used a compound microscope to observe pores in a cork=he called them cells
What is hydrolysis?	the process of breaking ATP
What is passive transport?	transport that goes high to low and requires no energy
What is photosynthesis?	the process of taking light energy to make food (Glucose) from Carbon dioxide and water
What is the formula for photosynthesis?	Carbon dioxide+water+sunlight=Oxygen and Glucose 
6CO2+12H2O+light=C6H12O6 and O
What is the goal of photosynthesis?	To create food in the form of Glucose.
What is the lipid bilayer?	2 layers of phospholids that form the cell membrane
What is true about the effect of interaction on a bigger surface?	bigger surface=more cell interaction
What occurs (briefly) in Light dependent reaction?	The water is stripped of its hydrogen which is added to the NADP+ and in doing so, Oxygen is released. Also, ADP+ is combined with P+ to create ATP.
What occurs (briefly) in Light independent reaction?	ATP and NADPH are split to create energy that allows Carbon Dioxide to be taken from the air and stripped of its hydrogen to create glucose through carbon fixation.
What type of microscope is most widely used?	Compound light microscope
What was Antoine Van Leeuwenhoek the first to see?	single celled organisms in pond water
What words describe the heads of a phospholid?	hydrophilic (loves water), polar
What words describe the tails of a phospholid?	hydrophobic (repels water), non polar
What year was the first compound microscope used?	1590
When the last phosphate bond of ATP is broken, _1__ and a free _2___ form.	1. ADP
2. phosphate
Where are most photosynthetic cells in plants found?	The leaves
Where are these high-energy bonds found in ATP?	In between the last phosphate link.
Where does ATP occur?	In the Mitochondria.
Which one (magnification or resolution) do you need to see a clear image?	Both magnification and resolution
Why is the cell membrane described as a fluid mosaic model?	1)cell membrane is flexible, not rigid
2)variety of molecules studding the membrane is similar to a quilt
あい	
あい	love
アイスクリーム	
アイスクリーム	ice cream
アイスクリーム	ice cream
アイスクリームや	ice cream shop
アイスクリームや	ice cream shop
アイスクリームや	ice cream shop
アイスクリームやに いてください。	Please go to the ice cream shop.
アイスクリームやは どこに ありますか。	Where is the ice cream shop?
アイスクリームやは どこに ありますか。	Where is the ice cream shop?
アイスクリームやは どこに ありますか。	Where is the ice cream shop?
アイスクリームやは ゆうびんきょくの ちかくに あります。	The ice cream shop is near the post office.
アイスクリームやは ゆうびんきょくの ちかくに あります。	The ice cream shop is near the post office.
アイスクリームやは ゆうびんきょくの ちかくに あります。	The ice cream shop is near the post office.
アイスクリームを たべたいｄせう。	I want to eat ice cream.
アイスティー	
あお	
あお	blue
あお	blue
あおい	blue
あか	
あか	red
あか	red
あかい	red
あかふじ	Red Fuji
あかふじ	Red Fuji
あき	autumn
あき	Autumn
あける	あけます (open)
あける	あけます (open)
あし	
あじ	
あし	foot,leg
あした	tomorrow
あした	tomorrow
あした	tomorrow
あした	tomorrow
あしたは げつようびですから、がっこうに いきます。	Tomorrow is Monday, so I will go to school.
あしたは げつようびですから、がっこうに いきます。	Tomorrow is Monday, so I will go to school.
あたたかい	warm [i-adj]
あたま	
あたま	head
あたま	head
あたまが いい	smart
あたまが いい	smart
あたまが わるい	dumb
あたまが わるい	dumb
あたらしい	
あたらしい	
あつい	hot
あと	after school
あと	after school
あに	my older brother
あに	older brother
あにいさん	someone else's older brother
あにいさん	someone else's older brother
あね	my older sister
あね	older sister
あねえさん	someone else's older sister
あねえさん	someone else's older sister
アパート	apartment
アパート	apartment
アパート	apartment
アパート	apartment
あぶない	
あぶない	
あまい	
あまり	not very often
あまり ありません	there are few
あまり ありません	there are few
あまり ありません	there are few
あまり いません	there are few
あまり いません	there are few
あまり いません	there are few
あめ	rain
あめが ふります	rain to [polite]
あめが ふる	rain to [plain]
アメリカ	
アメリカ	America
アメリカ	America
アメリカ	America
アメリカ	America
アメリカ	American
あらいます	
あらう	
ありがとう	thank you
あります、わかります、います、できます （を）	All express state of beings, so they take the particle wo
あります、わかります、います、できます （を）	All express state of beings, so they take the particle wo
ある	あります (to exist not alive)
ある	あります (to exist not alive)
あるいて	walking
アルバイト	part-time work
いいせせきをとる	to get good grades
いく	いきます (to go)
いく	いきます (to go)
いくらですか。	how much is this?
いくらですか。	how much is this?
いす	
いす	seat
いただきます	
いち	one
いち	one
いち	one
いち	one
いち たす に は さん	1+2=3
いち たす に は さん	1+2=3
いち たす に は さん	1+2=3
いち たす に は さん	1+2=3
いちがつ	January
いちがつ	January
いちがつ	January
いちがつ ついたち	January 1st, New Years Day
いちご	
いちご	strawberry
いつ	when
いつ	when
いつか	5th
いつか	5th day
いつか	5th day
いっさい	1 years old
いっさい	1 years old
いって	to go
いってきます	when you leave you home, you would say
いってきます	when you leave you home, you would say
いってらっしゃい	when you leave your home, you would hear
いってらっしゃい	when you leave your home, you would hear
いつも	always
いとこ	cousin
いとこ	cousin
いなか	towns
いなか	towns
いなか	towns
いぬ	
いぬ	dog
いぬ	dog
いぬ	dog
いま	living room
いもうと	my younger sister
いもうと	younger sister
いもうとさん	someone else's younger sister
いもうとさん	someone else's younger sister
いらしゃいませ	
いらしゃいませ	
いらっしゃいませ	
いる	います (to exist; alive)
いる	います (to exist; alive)
いる （います）（いります）	(to have; to exist)(to need)
いる （います）（いります）	(to have; to exist)(to need)
いれて	
いれます	
いれる	
いろえんぴつ	
いろえんぴつ	colored pencils
いろえんぴつ	colored pencils
インド	India
ウエイター	
うきよえ	Japanese block wood print
うきよえ	Japanese block wood print
うさぎ	rabbit
うさぎ	rabbit
うさぎ	rabbit
うし	
うし	cow
うし	cow
うし	cow
うたいます	to sing
うたいます	to sing
うたう	うたいます (sing)
うたう	うたいます (sing)
うたを うたいたいです。	Want to sing.
うたを うたいたいです。	Want to sing.
うち	
うち	house
うち	house
うち	house
うちのそうじをする	house cleaning
うどん	
うま	
うま	horse
うみ	ocean; sea
うります。	sell
うります。	sell
うれしい	
うれしい	
うんどうを したいです	I want to do exercises.
うんどうを したいです	I want to do exercises.
うんどうを します	do excersises
うんどうを します	do excersises
え	
え	paintings
えいが	
えいが	movie
えいが	movie
えいが	movie
えいがからきました。	I am coming from the movie theater.
えいがからきました。	I am coming from the movie theater.
えいご	
えいご	
えいご	english
えいご	English
えいご	English
えき	
えき	station
えび	
えび	shrimp
えび	shrimp
えび	shrimp
えを みます。	look at art
えを みます。	look at art
えんげき	Drama
えんぴつ	
えんぴつ	pencil
えんぴつ	pencil
えんぴつ	pencil
えんぴつ	pencil
おいしい	
おおいです	many (i adj)
おおいです	many (i adj)
おおいです	many (i adj)
おおきい	large
おおきい	large
おおきい ビル	big building
おおきい ビル	big building
おおきい ビル	big building
おかあさん	mother
おかあさん	mother
おかあさん	mother
おかあさん	mother
おかあさん	someone else's mom
おかえりなさい。	when you return home you hear
おかえりなさい。	when you return home you hear
おかし	
おかし	sweets
おかし	sweets
おかし	sweets
おかし	sweets
おかしをたべます。	*something eat*
おかしをたべます。	Eat sweets.
おかしをたべます。	Eat sweets.
おかねを かぞえます	to count money
おかねを かぞえます	to count money
おかねを だします。	to get money out
おかねを だします。	to get money out
おかわり	
おこのみやき	Japanese Style Pancake
おこのみやき	Japanese Style Pancake
おこのみやき	Japanese Style Pancake
おじ	my uncle
おじ	uncle
おじいさん	grandfather
おじいさん	grandfather
おじいさん	grandfather
おじいさん	grandfather
おじいさん	someone else's grandpa
おしいれ	closet
おしえます	
おしえます	
おじさん	someone else's uncle
おじさん	someone else's uncle
おすすめ	
おちゃ	
おちゃ	
おちゃ	Green Tea
おちゃ	Green Tea
おちゃ	Green Tea
おちゃ	Green Tea
おとうさん	father
おとうさん	father
おとうさん	someone else's father
おとうと	my younger brother
おとうと	younger brother
おとうとさん	someone else's younger brother
おとうとさん	someone else's younger brother
おとおうさん	father
おとおうさん	father
おとこのひと	
おとこのひと	man
おなか	
おなかがすいています	
おなかがすいています	
おなまえは	(What is) Your name
おなまえはなんですか。	(What is) Your name
おにいさん	older brother
おにいさん	older brother
おにいさん	older brother
おにいさん	your older brother
おにぎり	
おねえさん	older sister
おねえさん	older sister
おねえさん	older sister
おねえさん	your older sister
おねがい	
おねがいします	
おば	aunt
おば	my aunt
おばあさん	grandmother
おばあさん	grandmother
おばあさん	grandmother
おばあさん	grandmother
おばあさん	someone else's grandma
おばさん	someone else's aunt
おばさん	someone else's aunt
おはよう	good morning
おはよう。 おはようございます。	good morning
おぶろ	bath
おべんとう	
おべんとう	box lunch
オレゴン	Oregon
オレゴン	Oregon
オレンジ	
オレンジ	orange
オレンジ	orange
オレンジ	orange
おわり	end
おんがく	
おんがく	music
おんがく	music
おんがくや	music store
おんがくや	music store
おんがくや	music store
おんがくやからきました。	I am coming from the music store.
おんがくやからきました。	I am coming from the music store.
おんがくやで ＣＤを かいます。	(I) will buy a CD at the music store.
おんがくやで ＣＤを かいます。	(I) will buy a CD at the music store.
おんがくをききます。	Listen to music.
おんがくをききます。	Listen to music.
おんがくをききます。	Listen to music.
おんがくをききます。	Listen to music.
おんなのひと	
おんなのひと	woman
お金	Money
か	
が	
か	mosquito
が（ちちが かんがえます）	marks the subject
が（ちちが かんがえます）	marks the subject
かいしゃいん	
かいしゃいん	
かいます	buy
かいます	buy
かえします	to return (a book)
かえします	to return (a book)
かえります	to return (home)
かえります	to return (home)
かえる	
かえる	frog
かお	face
かがく	Chemistry
かがみ	
かがみ	science
かがみ	science
かぎ	
かぎ	key
かぎ	key
かぎ	key
かきます	
かきます。	write
かきます。	write
がくしゅうする	to learn
がくせい	
がくせい	
かけて	
かけています	wear (glasses); to [polite]
かけます	
かけます	put on (glasses); to[polite]
かける	put on (glasses); to [plain]
かさ	
かさ	umbrella
かさ	umbrella
かさ	umbrella
かさ	umbrella
かぜ	
かぜ	cold
かぜ	cold
かぜ	cold
かぜ	wind
かぜが つよい	It is windy.
かぞく	
かぞく	family
かぞく	family
かちます	
かちます	to win
かちます	to win
がっこう	
がっこう	school
がっこう	school
がっこう	school
がっこう	school
がっこう	school
がっこうからきました。	I am coming from the school.
がっこうからきました。	I am coming from the school.
かていか	Home Ec
かぶっています	wear (hat; cap); to [polite]
かぶります	put on (hat; cap); to [polite]
かぶる	put on (hat cap); to [plain]
かみ	
かみ	hair
かみ	paper
かみ	paper
かみが ながい	long-haired
かみが ながい	long-haired
かみが みじかい	short-haired
かみが みじかい	short-haired
かめ	
かめ	turtle
カメラ	
カメラ	camera
カメラ	camera
かようび	Tuesday
かようび	Tuesday
かようび	Tuesday
からい	
カラオケ	karaoke
かわいい	cute
かわいい	cute
かわいています	
かわきます	
かんがえます	
かんがえます	to think
かんがえます	to think
かんがえる	to think
かんかえる	かんかえます (to think)
かんかえる	かんかえます (to think)
かんそうき	dryer
き	
き	tree
き	tree
きいろ	
きいろ	yellow
きいろ	yellow
きおん	temperature
きく	
きく	chrysanthemum
きく	to write
きけん	
きけん	
キス	
キス	kiss
キス	kiss
きせつ	season
ギター	
ギター	guitar
ギター	guitar
ギター	guitar
きっさてん	cafe
きっさてん	coffee shop
きっさてん	coffee shop
きっさてん	coffee shop
きっさてんで こーひーを のみます。	(I) will drink coffee at the coffee shop.
きっさてんで コーヒーを のみます。	(I) will drink coffee at the coffee shop.
きっさてんで たべます。	(I) will eat at the coffee shop.
きっさてんで たべます。	(I) will eat at the coffee shop.
きって	
きって	postal stamp
きって	postal stamp
きって	postal stamp
きています	wear (shirt; sweater; suit); to [polite]
きます	put on (shirt; sweater; suit); to [polite]
きゅう	nine
きゅう	nine
きゅう	nine
きゅう	nine
ぎゅうにく	
ぎゅうにく	beef
ぎゅうにゅう	
ぎゅうにゅう	
ぎゅうにゅう	Milk
ぎゅうにゅう	Milk
ぎゅうにゅう	Milk
ぎゅうにゅう	Milk
きょう	today
きょう	today
きょう	today
きょう	today
きょうかい	
きょうかい	church
きょうかい	church
きょうかい	church
きょうかい	church
きょうかいで うたを うたいます。	(I) will sing a song at the church.
きょうかいで うたを うたいます。	(I) will sing a song at the church.
きょうかしょ	
きょうかしょ	Textbook
きょうかしょ	textbooks
きょうかしょ	textbooks
きょうだい	siblings
きょうだい	siblings
きょうと	Kyoto used to be the capital in 794, but was changed in 1868, Kyoto has temples, shrines, festivals, etc and is very attractive
きょうと	Kyoto used to be the capital in 794, but was changed in 1868, Kyoto has temples, shrines, festivals, etc and is very attractive
きる	put on (shirt; sweater; suit); to [plain]
きれい	beautiful
きれい	beautiful
ぎんこう	bank
ぎんこう	bank
ぎんこう	bank
ぎんこう	bank
ぎんこう	bank
ぎんこう	bank
ぎんこうから きました。	I am coming from the bank.
ぎんこうから きました。	I am coming from the bank.
ぎんこうで おかねを だします。	(I) will take money out at the bank.
ぎんこうで おかねを だします。	(I) will take money out at the bank.
きんようび	Friday
きんようび	Friday
きんようび	Friday
くうこう	
くうこう	
くがつ	September
くがつ	September
くがつ	September
くすりや	drug store
くすりや	drug store
くすりや	drug store
くすりやで くすりを うります。	(I) will sell medicine at the pharmacy.
くすりやで くすりを うります。	(I) will sell medicine at the pharmacy.
くすりを うります。	to sell medicine
くすりを うります。	to sell medicine
ください	
ください	please
ください	please
ください	please
くだもの	
くだもの	fruit
くち	mouth
くつ	shoes
くつ	shoes
くつ	shoes
くつ	shoes
クッキー	cookie
クッキー	cookie
くつや	shoe shop
くつや	shoe shop
くつや	shoe shop
くつやで くつを かいます。	(I) will buy shoes at the shoe store.
くつやで くつを かいます。	(I) will buy shoes at the shoe store.
くつやは はなやの みぎがわに あります。	The shoe shop is to the right of the flower shop.
くつやは はなやの みぎがわに あります。	The shoe shop is to the right of the flower shop.
くつやは はなやの みぎがわに あります。	The shoe shop is to the right of the flower shop.
くつを はく	Put on shoes
くもり	cloudy weather
クリスマス	Christmas
クリスマス	Christmas
くる	きます (to come)
くる	きます (to come)
くるま	car
くるま	car
くるま	car
くるま	car
くろ	black
くろ	black
ケーキ	
ケーキ	cake
ケーキ	cake
ケーキ	cake
ケーキ	cake
けいさつ	
けいさつ	
けいさんき	calculator
けいさんき	calculator
けいさんき	calculator
けしゴム	eraser
けしゴム	eraser
ケチャップ	
ケチャップ	ketchup
けっこん	marriage
けっこん	marriage
けっこん	marriage
げつようび	Monday
げつようび	Monday
げつようび	Monday
げんかん	entryway
けんどう	kendo
けんどう	kendo
けんどう	kendo
けんどう	kendo
ご	five
ご	five
ご	five
ご	five
ご たす さん は はち	5+3=8
ご たす さん は はち	5+3=8
ご たす さん は はち	5+3=8
コート	coat
コート	coat
コート	coat
コーヒー	
コーヒー	coffee
コーヒー	coffee
コーヒー	coffee
コーヒーカップ	
コーヒーカップ	coffee cup
コーラ	
コアラ	koala
コアラ	koala
こうえん	park
こうえん	park
こうえん	park
こうえんからきました。	I am coming from the park.
こうえんで あいすくりーむを かいます。	(I) will buy ice cream at the park.
こうえんで アイスクリームを かいます。	(I) will buy ice cream at the park.
こうえんで はしります。	(I) will run at the park.
こうえんで はしります。	(I) will run at the park.
こうちゃ	
こえんからきました。	I am coming from the park.
こおり	ice
こおり	ice
こおり	ice
こおり	rice
ごがつ	May
ごがつ	May
ごがつ	May
ごがつ いつか	May 5, Children's Day
ここのか	9th
ここのか	9th day
ここのか	9th day
こしょう	
こしょう	pepper
こたえをかく	to write an answer
ごたすさんははちです	5+3=8
ごちそうさまでした	
ごちゅうもんは	
コップ	
コップ	cup
こども	child
こども	child
こども	child
こどもの	child
ごはん	
ごはんを つくります	to fix a meal
ごはんを つくります	to fix a meal
ごみばこ	trash
ごみばこ	trash
ごみばこ	Trash
ごみをだす	to take out the trash
ゴルフ	golf
ゴルフ	golf
コロラド	Colorado
コロラド	Colorado
こんばんは	good evening
こんびに	
こんびに	
コンビニ	
コンピューター	computer
コンピューター	computer
コンピューター	computer
コンピューター	computer
コンピューターを つかいます	to use a computer
コンピューターを つかいます	to use a computer
さかな	
さかな	fish
さかな	fish
さくぶん	composition
さくぶん	composition
さくぶん	Composition
さくら	cherry blossom
さくら	cherry blossom
さけ	rice wine
さし	ruler
さし	ruler
サッカー	Soccer
サッカー	Soccer
ざっし	Magazine
ざっし	Magazine
ざっし	Magazine
さとう	
さとう	sugar
さむい	cold [i-adj]
さようなら	goodbye
さら	
さら	plate
サラダ	
サラダ	salad
さん	three
さん	three
さん	three
さん	three
さんがつ	March
さんがつ	March
さんがつ	March
さんがつ みっか	March 3rd, Girls Festival
サングラス	sun glasses
サングラス	sunglasses
サングラスを かける	Put on sunglasses
さんじゅういちにち	31st
さんじゅうにち	30th
サンダル	sandals
サンダル	sandals
サンドイッチ	
サンドイッチ	sandwich
サンドイッチ	sandwich
ジーンズ	jeans
ジーンズ	jeans
ジーンズ	jeans
シアロル	Seattle
シアロル	Seattle
しお	
しお	salt
しおからい	
しがつ	April
しがつ	April
しがつ	April
しがつ とおか	April 10th, School Begins
じかん	
じかん	
じしょ	Dictionary
じしょ	Dictionary
じしょ	Dictionary
じしょ	Dictionary
じしょ	Dictionary
じしょ	Dictionary
しちがつ	July
しちがつ	July
しちがつ	July
しちはつ なのか	July 7th, Star Festival
しつもん	
しつもん	
しつもんにこたえる	to answer a question
しつれいします	good bye (formal)
しつれいします	good bye (formal)
しています	wear (gloves; scarf; necktie); to [polite]
じてんしゃ	bicycle
じてんしゃ	bike
じてんしゃ	bike
じてんしゃ	bike
じてんしゃ	bike
しにそう	
しにそう	
します	put on (gloves; scarf; necktie); to [polite]
しめる	しめます (close)
しめる	しめます (close)
じゃあ また	see you later
じゃあ、また	see you later
しゃかい	social studies
しゃかい	social studies
じゃがいも	
じゃがいも	potatoes
ジャケット	jacket
ジャケット	jacket
しゃこ	garage
しゃしん	photo
しゃしん	Photo
しゃしん	Photo
しゃしん	Photo
しゃしん	Photo
シャツ	shirt
シャツ	shirt
ジャム	
ジャム	jam
ジュース	
じゅう	ten
じゅう	ten
じゅう	ten
じゅう	ten
じゅういちがつ	November
じゅういちがつ	November
じゅういちがつ	November
じゅういちがつ じゅうろくにち	November 16th, Shiti-go-san
じゅういちにち	11th
じゅうがつ	October
じゅうがつ	October
じゅうがつ	October
じゅうくにち	19th
じゅうごにち	15th
じゅうさんにち	13th
じゅうななにち	17th
じゅうにがつ	December
じゅうにがつ	December
じゅうにがつ	December
じゅうにがつ にじゅうごにち	December 25th, Christmas Day
じゅうににち	12th
じゅうはちにち	18th
じゅうよっか	14th
じゅうよっか	14th day
じゅうよっか	14th day
じゅうろくにち	16th
じゅぎょう	class
じゅぎょう	class
じゅぎょう	Class
じゅぎょう	Class
じゅぎょう	Class
じゅぎょう	Class
じゅぎょうに なにが いりますか。	What do you need in your class?
じゅぎょうに なにが いりますか。	What do you need in your class?
しゅくだい	homework
しゅくだい	homework
しゅくだいをする	to do HW
しゅっしん	birth place; hometown
しゅっしんはどこですか	Where are you from?
しゅっしんはどこですか。	Where are you from?
しゅっちょう	business trip
しゅっちょう	business trip
しゅっちょう	business trip
ショートパンツ	shorts
ショートパンツ	shorts; short pants
しょうゆ	
しょうゆ	soy sauce
ジョギング	jogging
ジョギング	jogging
しょっきあらいき	dishwasher
ショッピング・センター	shopping center
ショッピング・センター	shopping center
ショッピング・センター	shopping center
ショッピング・センター	shopping center
ショッピング・センタは ぎんこうの とおくに あります。	The shopping center is far from the bank.
ショッピング・センタは ぎんこうの とおくに あります。	The shopping center is far from the bank.
ショッピング・センタは ぎんこうの とおくに あります。	The shopping center is far from the bank.
しょどう	Calligraphy
じょやのかね	New Year's eve
じょやのかね	New Year's eve
シリアル	
シリアル	cereal
しろ	white
しろ	white
しんごう	stoplight
しんごう	stoplight
しんごう	stoplight
しんしつ	bedroom
しんぶん	newspaper
しんぶん	newspaper
しんぶん	newspaper
スーツ	suit
スーツ	suit
すーぱー	supermarket
すーぱー	supermarket
スーパー	supermarket
スーパー	supermarket
すーぱーで くだものを うります。	(I) will sell fruit at the supermarket.
すーぱーで くだものを うります。	(I) will sell fruit at the supermarket.
スーパーは みせの ひだりがわに あります	The supermarket is to the left of the store.
スーパーは みせの ひだりがわに あります	The supermarket is to the left of the store.
スーパーは みせの ひだりがわに あります	The supermarket is to the left of the store.
スープ	
スープ	soup
すいか	
すいか	watermelon
すいています	
すいている	
すうがく	math
すうがく	math
すうじ	numbers
すうじ	numbers
すうじ	numbers
すうじ	numbers
スカート	skirt
スカート	skirt
スキー	ski
スキー	ski
スキー	ski
スキーが できます	to be able to ski
スキーが できます	to be able to ski
スキーを しますが、スケートは しません。	I ski, but I don't skate.
スキーを しますが、スケートは しません。	I ski, but I don't skate.
すく	
すくないです。	few (i adj)
すくないです。	few (i adj)
すくないです。	few (i adj)
スケート	skate
スケート	skate
スケート	skate
スケボー	skateboard
すずしい	cool [i-adj]
スダジアム	stadium
スダジアム	stadium
スダジアム	stadium
スダジアム	stadium
すっぱい	
ステーキ	
ステーキ	steak
スニーカー	sneakers
スプーン	
スプーン	spoon
スペインご	spanish
スペインご	spanish
スペインご	Spanish
スポーツ	sports
ズボン	trousers
ズボン	trousers
ズボンをはく	Put on pants
すもう	sumo wrestling
すもう	sumo wrestling
すもう	sumo wrestling
すもう	sumo wrestling
すようび	Wednesday
すようび	Wednesday
すようび	Wednesday
する	put on (gloves; scarf; necktie); to [plain]
する	します (to do)
する	します (to do)
すんでいます	to live
すんでいます	to live
せ	person's height
せ	person's height
セーター	sweater
セーター	sweater
セーターを きる	Put on a sweater
せいぶつ	biology
せいぶつ	biology
せが たかい	tall
せが たかい	tall
せが ひくい	short
せが ひくい	short (height)
せき	cough
せんせい	
せんせい	
せんせい	teacher
せんせい	teacher
せんせい	teacher
せんせい	teacher
せんせい	teacher
せんせい、しつれいします	good bye, teacher
せんせい、しつれいします。	good bye, teacher
ぜんぜん	never
せんたくき	washing machine
せんたくをする	to do laundry
ぞうきん	dust cloth
そうじき	vacuum
そうじきをかける	to vacuum
そうですか。	Is that right?
そうですか。	Is that right?
ソックス	socks
ソックス	socks
ソックス	socks
ソックス	socks
ソックス	socks
そと	outside
そば	
そふ	grandpa
そふ	my grandpa
そぼ	grandma
そぼ	my grandma
それから	and then
それから	and then
たあねぎ	onion
たいいく	Physical education, health
たいいく	Physical education, health
たいいくかん	gym
だいがく	
だいがく	
だいすぎ	like very much
だいすぎ	love
だいどころ	kitchen
ダイニングルーム	dining room
たいよう	sun
たいよう	sun
たくさん あります	there are many
たくさん あります	there are many
たくさん あります	there are many
たくさん います	there are many
たくさん います	there are many
たくさん います	there are many
タクシー	taxi
タクシー	taxi
タクシー	taxi
たこ	octopus
たこやき	Octopus balls
たこやき	Octopus balls
たこやき	Octopus balls
たす	plus
たす	plus
たす	plus
たす	plus
たすけて	
たすけて	
ただいま	when you return home you say
ただいま	when you return home you say
たっきゅう	table tennis
たっきゅう	table tennis
たっきゅう	table tennis
たのしい	
たのしい	
たべもの	
たべる	たべます (to eat)
たべる	たべます (to eat)
たまご	
たまご	eggs
たまねぎ	
だれ	
だれ	
ちいさい	small
ちいさい	small
ちか	basement
ちかく（に）	near
ちかてつ	subway
ちち	father
ちち	my father
ちゃいろ	brown
ちゃいろ	brown
ちゃわん	
ちゃわん	rice bowl
チューリップ	tulip
チューリップ	tulip
ちゅうもんします	
ちゅうもんする	
チョコレート	chocolate
チョコレート	chocolate
ちり	geography
ちり	geography
ちり	Geography
ついたち	1st
ついたち	1st day
ついたち	1st day
つかいます	to use
つかいます	to use
つかう	つかいます(to use)
つかう	つかいます(to use)
つき	moon
つけて	
つけます	
つける	
つもり	an intention
つゆ	rainy season in Japan (June & July)
つよい	strong [i-adj]
て	hand
で	the place where an activity takes place
で	the place where an activity takes place
テーブル	
テーブル	table
てあらい	
てあらい	
てがみを だします。	to send a letter
てがみを だします。	to send a letter
できる	できます (to be able to)
できる	できます (to be able to)
デザート	desert
テスト	test
テスト	test
テストが ありますから、 べんきょうします。	I will have a test, so I will study.
テストが ありますから、 べんきょうします。	I will have a test, so I will study.
てちょう	planner
てちょう	planner
てちょう	Planner
テニス	tennis
テニス	tennis
テニスを したいです。	I want to play tennis.
てにすをします。	Play tennis.
てにすをします。	Play tennis.
テニスをします。	Play tennis.
テニスをします。	Play tennis.
でぱーと	department store
でぱーと	department store
でぱーと	department store
てぶくろ	gloves
てぶくろ	gloves
でも	but
でも	but
でも	but
テレビ	television
テレビ	television
テレビを みたいです。	I want to watch TV.
てれびをみます。	Watch tv.
てれびをみます。	Watch tv.
テレビをみます。	Watch tv.
テレビをみます。	Watch tv.
テレビをみます。	Watch tv.
てんき	weather
てんきは どうですか。	What is the weather like?
てんし	angel
てんし	angel
でんしゃ	train
でんしゃ	Train
でんしゃ	Train
でんしゃ	Train
でんしゃ	Train
デンバー	Denver
デンバー	Denver
てんぷら	tempra
てんぷら	tempura
てんぷら	tempura
でんわ	telephone
でんわ	telephone
でんわ	telephone
でんわばんごう	phone number
でんわばんごう	phone number
でんわばんごう	phone number
でんわばんごう	phone number
トースト	
トースト	toast
ドア	door
ドアを あけます	to open the door
ドアを あけます	to open the door
ドアを しめます	to close the door
ドアを しめます	to close the door
トイレ	
トイレ	
トイレ	toilet
とうきょう	What is the capital of Japan?
どうした	
どうした	
どうして	
どうして	
どうしてですか。	why
どうしてですか。	why
どうぞ よろしく	nice to meet you
どうぞ、ごゆっくり してください	What you say when you want someone to feel welcome in your home.
どうぞよろしく。	nice to meet you
とうふ	tofu
とうふ	tofu
とうふ	tofu
とうふ	tofu
とおか	10th
とおか	10th day
とおか	10th day
とおく（に）	far from
とき	when; at the time of
ときどき	sometimes
とけい	clock/watch
とけい	clock/watch
とけい	clock/watch
とけい	clock/watch
どこから きましたか。	Where are you coming from?
どこから きましたか。	Where are you coming from?
どこにすんでいますか。	Where do you live?
としょかん	library
としょかん	library
としょかん	library
としょかんで かきます。	(I) will write at the library.
としょかんで かきます。	(I) will write at the library.
としょかんで ほんを よみます。	(I) will read a book at the library.
としょかんで ほんを よみます。	(I) will read a book at the library.
とって	
となり（に）	next to
トマト	tomato
トマト	tomato
トマト	tomato
ともだち	
ともだち	friend
どようび	Saturday
どようび	Saturday
どようび	Saturday
トラック	truck
トラック	truck
とりにく	
とりにく	chicken
とります	
とります	take (photo); to [polite]
とる	
とる	take (photo); to [plain]
どんな	what kind of
どんな	what kind of
ナイフ	
ナイフ	knife
なし	
なし	pear
なつ	summer
なつ	summer
なつ	summer
なな	seven
なな	seven
なな	seven
なな	seven
なな たす に は きゅう	7+2=9
なな たす に は きゅう	7+2=9
なな たす に は きゅう	7+2=9
なな たす に は きゅう	7+2=9
ななさい	seven years old
ななさい	seven years old
なに	
なに	
なにょうびはいつですか。	When is your birthday?
なにを しますか。	What do you?
なのか	7th
なのか	7th day
なのか	7th day
ナプキン	
ナプキン	napkin
なんがつ	what month
なんがつ	what month
なんがつ	what month
なんがつなんにち。	What is the date
に	the place of being, living, and staying, goal of destination
に	two
に	two
に	two
に	two
にがつ	February
にがつ	February
にがつ	February
にがつ じゅうよっか	February 14th, Valentine's Day
にく	
にく	meat
にく	meat
にくや	meat shop
にくや	meat shop
にくや	meat shop
にくやから きました。	I am coming from the meat shop.
にくやから きました。	I am coming from the meat shop.
にくやは きっさてんの とおきに あります。	The meat store is next to the coffee shop.
にくやは きっさてんの とおきに あります。	The meat store is next to the coffee shop.
にくやは きっさてんの となりに あります。	The meat store is next to the coffee shop.
にじゅういちにち	21st
にじゅうくにち	29th
にじゅうごにち	25th
にじゅうさんにち	23rd
にじゅうななにち	27th
にじゅうににち	22nd
にじゅうはちにち	28th
にじゅうよっか	24th
にじゅうよっか	24th day
にじゅうよっか	24th day
にじゅうろくにち	26th
にちようび	Sunday
にちようび	Sunday
にちようび	Sunday
にっき	diary
にっき	diary
にっき	diary
にほんご	japanese
にほんご	Japanese language
にほんご	Japanese language
にほんご	Japanese language
にほんごの せんせい	combine nouns with の
にほんごの せんせい	combine nouns with の DELETE THIS QUESTION
にほんごは すきですが、すうがくは すきじゃありません。	I like Japanese, but I don't like math.
にほんごは すきですが、すうがくは すきじゃありません。	I like Japanese, but I don't like math.
ニューヨーク	New York
ニューヨーク	New York
にわ	yard/garden
にんじん	
にんじん	carrots
ネクタイ	necktie
ネクタイ	necktie
ねこ	cat
ねこを みつけます	to find a cat
ねこを みつけます	to find a cat
ネバダ	Nevada
ネバダ	Nevada
ねます。	Sleep.
ねます。	Sleep.
ねます。	Sleep.
ねます。	Sleep.
の	
の ちかくに	near
の ちかくに	near
の ちかくに	near
の とおくに	far from
の とおくに	far from
の とおくに	far from
の となりに	next to
の となりに	next to
の となりに	next to
の ひだりがわに	to the left of
の ひだりがわに	to the left of
の ひだりがわに	to the left of
の みぎがわに	to the right of
の みぎがわに	to the right of
の みぎがわに	to the right of
ノート	notebook
ノート	notebook
ノート	notebook
ノート	notebook
ノートをとる	to take notes
のど	
のむ	のみます (to drink)
のむ	のみます (to drink)
のります	ride; to [polite]
のる	ride; to [plain]
のんびり	leisurely
は（wa）	equals
は（wa）	equals
は（wa）	equals
は（wa）	equals
パーティー	party
パーテイー	party
パーテイー	party
パイ	
パイ	pie
パイ	pie
パイ	pie
ばい、ばい	bye, bye
はいいろ	grey
はいいろ	grey
ハイキング	hiking
バイク	motorcycle
はいています	wear (shoes; socks; skirt; pants); to [polite]
はがき	postcard
はがき	postcard
はがき	postcard
はきます	put on (shoes; socks; skirt; pants); to [polite]
はく	put on (shoes; socks; skirt; pants); to [plain]
はさみ	scissors
はさみ	scissors
はし	
はし	chopsticks
はしゴム	eraser
はしまります	to begin
はしまります	to begin
はじめまして	how do you do
はじめまして。	how do you do
はしります。	run
はしります。	Run.
はしります。	Run.
はしります。	Run.
バス	bus
バス	bus
バス	bus
バター	
バター	butter
はたち	20 years old
はたち	20 years old
はち	eight
はち	eight
はち	eight
はち	eight
はちがつ	August
はちがつ	August
はちがつ	August
はちがつ じゅうよっか	August 14th, Summer
ばつ	false
はつか	20th
はつか	20th day
はつか	20th day
バックパックの なかに ありますか。	What is in your backpack?
バックパックの なかに ありますか。	What is in your backpack?
バックパックの なかに えんぴつが あります。	There is a pencil in your backpack.
バックパックの なかに えんぴつが あります。	There is a pencil in your backpack.
バナナ	
バナナ	banana
はなみ	cherry blossom viewing
はなや	flower shop
はなや	flower shop
はなや	flower shop
はなやで はなを かいます。	(I) will buy flowers at the flower shop.
はなやで はなを かいます。	(I) will buy flowers at the flower shop.
はなやは くつやの ひだりがわに あります。	The flower shop is to the left of the shoe store.
はなやは くつやの ひだりがわに あります。	The flower shop is to the left of the shoe store.
はなやは くつやの ひだりがわに あります。	The flower shop is to the left of the shoe store.
はは	mother
はは	my mother
はは・くるま	ははは くるまを ほしがっています。
パパイヤ	
パパイヤ	papaya
ははは くるまを ほしがっています	ははは くるまを ほしがっています。
はらいます	
はらう	
はらって	
はる	spring
はれ	sunny
はれ	sunny weather
ハワイ	Hawaii
ハワイ	Hawaii
パン	
ハンサム	handsome
ハンサム	handsome
ハンサム	handsome
ハンバーガー	
ハンバーガー	hamburger
ハンバーガー	hamburger
びーち	beach
びーち	beach
ビーチ	beach
ビーチ	beach
ピアノ	piano
ピアノ	piano
ひきます	play (guitar; piano); to [polite]
ひく	play (guitar; piano); to [plain]
ひこうき	plane
ピザ	
ピザ	pizza
ピザ	pizza
びじゅつ	art
びじゅつ	art
びじゅつか	museum
びじゅつか	museum
びじゅつか	museum
びじゅつかんで えを みます。	(I) will look at paintings at the art museum.
びじゅつかんで えを みます。	(I) will look at paintings at the art museum.
ひだりがわ（に）	to the left of
ひっこし	moving
ひっこし	moving
ひっこし	moving
ビデオ	video
ビデオ	video
ひと	people
ひと	people
ひと	person
ひとり	one person
ひとり	one person
びょういん	hospital
びょういん	hospital
びょういん	hospital
びょういんで せんせいと はなしを します。	(I) will talk to the doctor at the hospital.
びょういんで せんせいと はなしを します。	(I) will talk to the doctor at the hospital.
ビル	building
ピンク	pink
ピンク	pink
ピンク	pink
ブーツ	boots
ブーツ	boots
ブーツ	boots
ぷーる	pool
ぷーる	pool
プール	pool
プール	pool
プールからきました。	I am coming from the pool?
プールからきました。	I am coming from the pool?
ぷーるで およぎます。	(I) will swim at the pool.
プールで およぎます。	(I) will swim at the pool.
ファイル	file
ファイル	file
フィルム	film
フィルム	film
フォーク	
フォーク	fork
ふく	
ふく	
ふく	clothes
ふく	clothing
ふく	to wipe
ふくろ	bag
ふくをたたむ	to fold clothes
ぶたにく	
ぶたにく	pork
ふたり	two people
ふたり	two people
ふつか	2nd
ふつか	2nd day
ふつか	2nd day
ぶつり	Physics
ぶどう	
ぶどう	grapes
ふとっています	fat
ふとっています	fat
ふとんで ねます	to sleep on a futon
ふとんで ねます	to sleep on a futon
ふね	ship
ふゆ	winter
フライドポテト	
ブラウス	blouse
ブラウス	blouse
フランスご	french
フランスご	french
フランスご	French
ふります	fall (rain or snow); to [polite]
プリン	
プリン	flan
ふる	fall (rain or snow); to [plain]
フロッピー	floppy disk
フロッピー	floppy disk
ぶんがく	literature
ぶんがく	literature
ぶんがく	Literature
ベーコン	
ベコンエッグ	
へた	
へた	
ベッドをきれいにする	to clean the bed
へや	room
へや	room
ベルト	belt
ベルト	belt
ベルトを する	Put on a belt
ペン	pen
ペン	pen
ペン	pen
べんきょうします	to study
べんきょうします	to study
べんきょうします。	Study.
べんきょうします。	Study.
べんきょうします。	Study.
べんきょうします。	Study.
べんきょうする	to study
べんとう	
ボート	boat
ボーリング	bowling
ボーリング	bowling
ほうき	broom
ぼうし	cap
ぼうし	hat or cap
ぼうしを かぶる	Put on a cap.
ぼく	I (boys)
ほしいです	i want
ほしいです	i want
ボストン	Boston
ボストン	Boston
ホットドッグ	
ホテル	hotel
ホテル	hotel
ホテル	hotel
ホテル	hotel
ほん	book
ほん	book
ほんや	book
ほんや	book
ほんや	book store
ほんを かえします	to return a book
ほんを かえします	to return a book
ほんを をみたいです。	I want to read a book.
ほんをよみます。	Read a book.
ほんをよみます。	Read a book.
ほんをよみます。	Read a book.
ほんをよみます。	Read a book.
まいあさ	
まけます	to lose
まけます	to lose
また あした	see you tomorrow
また、あした	see you tomorrow
まち	cities
まち	cities
まち	cities
まちます	
まちます	
マフラー	scarf
マフラー	scarf
マヨネーズ	
マヨネーズ	mayonnaise
まる	true
マンゴ	
マンゴ	mango
みぎがわ（に）	to the right of
みず	water
みず	water
みずぎ	bathing suit
みずぎ	swimwear
みせ	store
みせ	store
みせ	store
みせて	
みせは スーパーの となりに あります。	The store is next to the supermarket.
みせは スーパーの となりに あります。	The store is next to the supermarket.
みせは スーパーの となりに あります。	The store is next to the supermarket.
みせは スーパーの みぎがわに あります。	The store is to the right of the supermarket.
みせは スーパーの みぎがわに あります。	The store is to the right of the supermarket.
みせは スーパーの みぎがわに あります。	The store is to the right of the supermarket.
みせます	
みそしる	
みそしる	miso soup
みち	shop
みち	shop
みっか	3rd
みっか	3rd day
みっか	3rd day
みつけます	to find
みつけます	to find
みどり	green
みどり	green
みみ	ears
みる	みます (to watch)
みる	みます (to watch)
みんしゅく	guest house, deep in the mountains in gifu and gunma prefectures, people live in traditional gassho-zukuri houses. Inscribed as World Heritage Site in 1995.
むいか	6th
むいか	6th day
むいか	6th day
むし	insect
むしあつい	sultry; hot and humid [i-adj]
むらさき	purple
むらさき	purple
め	eyes
メニュー	
もうすこし	
もうすこし	little bit more
もくようび	Thursday
もくようび	Thursday
もくようび	Thursday
もってきて	
もってきます	
もってくる	
やさい	
やせています	thin
やせています	thin
やま	mountain
やま、山	mountain
やめて	
やめて	
ゆうびんきょく	post office
ゆうびんきょく	post office
ゆうびんきょく	post office
ゆかた	summer kimono
ゆかた	summer kimono
ゆかた	summer kimono
ゆかをはく	to sweep the floor
ゆき	snow
ゆき	snow
ゆきが ふります	snow; to [polite]
ゆきが ふる	snow; to [plain]
ゆのみ	
ゆのみ	green tea cup
ゆびわ	ring
ゆびわ	ring
ゆびわ	ring
ゆびんきょくで てがみを だします。	(I) will mail a letter at the post office.
ゆびんきょくで てがみを だします。	(I) will mail a letter at the post office.
ヨーグルト	
ヨーグルト	yogurt
よおか	8th
よおか	8th day
よおか	8th day
よく	often
よく	often
よく	often
よっか	4th
よっか	4th day
よっか	4th day
よてい	a plan
よにん	four people
よにん	four people
よみます。	read
よみます。	read
よむ	よみます (to read)
よむ	よみます (to read)
よる	sky
よろしく	nicely
よろしく	nicely
よん	four
よん	four
よん	four
よん	four
よんさい	four years old
よんさい	four years old
ライオン	lion
ライオン	lion
らいしゅう	next week
らいしゅう	next week
ラケット	racket
ラケット	racket
ラスベガス	Las Vegas
ラスベガス	Las Vegas
ラップトップ	laptop
ラップトップ	laptop
ラップトップ	laptop
りす	squirrel
りょうしん	parents
りょうしん	parents
りょうり	
りょこうします	to travel
りょこうします	to travel
りんご	
りんご	apple
りんご	apple
りんご	apple
レインコート	raincoat
レインコート	raincoat
れきし	history
れきし	history
レストラン	restaurant
レストラン	Restaurant
レストラン	Restaurant
れすとらん	resturant
れすとらん	resturant
レストラン	resturant
レスラトン	Restaurant
レスラトン	Restaurant
レタス	
レダス	letuce
ろく	six
ろく	six
ろく	six
ろく	six
ろく たす よん は じゅう	6+4=10
ろく たす よん は じゅう	6+4=10
ろく たす よん は じゅう	6+4=10
ろく たす よん は じゅう	6+4=10
ろくがつ	June
ろくがつ	June
ろくがつ	June
ワイン	wine
ワイン	wine
わがし	Japanese sweets
わかります	to understand
わかります	to understand
わかりません	
わかりません	
わかる	わかります (understand)
わかる	わかります (understand)
わたし	I
わたしの まち	In my city
わたしの まち	In my city
わたしの まち	In my city
わたしは あたまが いいです。	I am smart.
わたしは あたまが いいです。	I am smart.
ワタシントン	Washington
ワタシントン	Washington
わるい	bad [i-adj]
ワンピース	dress
ワンピース	dress
を	
を	marks the direct object
を-ドアを あけます	marks the direct object
一	1
一	1 かんじ
一	one
一日	1st day
一月	January
七	7
七	7かんじ
七	seven
三	3
三	3 かんじ
三	three
九	9
九	9 かんじ
九	nine
二	2
二	2 かんじ
二	two
二日	2nd day
五	5
五	5かんじ
五	five
人	person
人	person
人	person かんじ
今	now
今	now
何	what
何よう日	What day of the week?
何人	How many people?
何日	What day of the month?
先	ahead, previous
八	8
八	8かんじ
八	eight
六	6
六	6かんじ
六	six
分	minute(s), to divide, to understand
十	10
十	10かんじ
十	ten
四	4
四	4 かんじ
四	four
四日	4th day
土	soil
土よう日	Saturday
大	big
好	like
小	small
年	Year
日	sun, day
日よう日	Sunday
日本人	Japanese
昼	noon
昼ごはん	
時	Time, hour
晩	evening
晩ごはん	
月	moon, month
月よう日	Monday
朝	morning
朝ごはん	
木	tree
木よう日	Thursday
本	root, book
水	
水	water
水よう日	Wednesday
火	fire
火よう日	Tuesday
私	private, I
茶	tea
行	to go
見	to look at, to watch, to see
話	to talk, to speak
語	language, word
金	gold, money
金よう日	Friday
間	interval, duration
食	eat
食べ物	food
飲	drink
飲みの	
飲み物	beverages
